client_id,client_name,annual_revenue,last_12_payments_on_time,total_invoiced,total_paid,avg_days_to_pay
1,Client_1,848964,5,2153163,2382278,65.65
2,Client_2,743896,9,805322,1045420,77.39
3,Client_3,2811347,7,2404356,1815090,25.73
4,Client_4,1872181,5,2019159,1059236,70.35
5,Client_5,855358,3,2252839,802777,9.61
6,Client_6,4759273,3,823829,1281045,88.03
7,Client_7,4085463,0,1285531,924376,42.69
8,Client_8,3742810,4,2467036,1404382,13.49
9,Client_9,2154322,9,1819688,783108,4.02
10,Client_10,3961249,4,1653851,1136634,75.15
11,Client_11,4247748,12,1974922,954236,89.87
12,Client_12,3544556,7,1145675,225904,6.45
13,Client_13,1620888,3,1280728,2938177,36.72
14,Client_14,118028,11,1172605,524084,22.97
15,Client_15,2536928,5,492535,2592022,8.68
16,Client_16,2632928,12,1203913,2217436,51.74
17,Client_17,4656334,7,1808139,195839,36.24
18,Client_18,2279711,9,2955634,133015,1.76
19,Client_19,2115247,3,352266,2518135,44.08
20,Client_20,968868,0,985028,2265078,71.18
21,Client_21,54657,4,2779435,520446,43.4
22,Client_22,4832074,12,1298390,134965,58.21
23,Client_23,2859163,11,1884035,2171366,64.32
24,Client_24,4869758,11,846411,1784308,40.42
25,Client_25,3316247,6,83861,2050602,2.29
26,Client_26,2523818,7,1497516,1660520,6.42
27,Client_27,3716021,2,1958495,2433794,86.76
28,Client_28,3032790,6,1134818,636457,72.28
29,Client_29,3618048,12,1057230,2526311,71.63
30,Client_30,1129473,11,1158805,1681270,70.98
31,Client_31,4825066,7,1208628,1332886,72.84
32,Client_32,3304485,9,2653715,2701400,76.26
33,Client_33,2471349,11,111175,608345,20.95
34,Client_34,3678360,8,912527,2489348,67.16
35,Client_35,4788808,8,112625,2774764,9.46
36,Client_36,4451769,0,502996,356245,86.93
37,Client_37,4634770,6,1678097,2100648,83.05
38,Client_38,2469656,3,271684,563967,41.39
39,Client_39,1035291,10,1727351,2779118,40.14
40,Client_40,1687379,0,1361237,175965,13.48
41,Client_41,2112325,12,2425333,306299,56.36
42,Client_42,717913,9,1721956,2879628,22.65
43,Client_43,3431081,12,1063002,2278948,2.17
44,Client_44,4365203,6,2919383,1890188,84.17
45,Client_45,413129,2,1700259,1849553,44.48
46,Client_46,2540492,11,1411022,1680230,89.45
47,Client_47,3112234,8,717231,2249956,55.63
48,Client_48,1588687,1,2823000,184971,24.76
49,Client_49,901127,3,2887062,720007,30.05
50,Client_50,552495,7,23313,2039800,0.46
51,Client_51,2876659,1,92694,506714,73.06
52,Client_52,405183,6,1575445,457690,44.88
53,Client_53,2965858,7,1456131,2116196,19.62
54,Client_54,3004530,4,1169399,638728,64.9
55,Client_55,3698153,7,2351752,2860405,55.59
56,Client_56,4239023,8,2870731,476183,68.29
57,Client_57,2202980,11,1948074,2168181,84.04
58,Client_58,4980436,0,988360,1893114,60.72
59,Client_59,1615680,5,2810704,1314287,68.41
60,Client_60,3499361,2,976046,2911511,10.69
61,Client_61,52317,8,1356082,1615905,40.28
62,Client_62,974394,5,2711521,1870140,65.43
63,Client_63,4334953,8,2332328,1702341,39.28
64,Client_64,1354973,12,931977,1121495,74.79
65,Client_65,2712868,5,94392,801492,78.09
66,Client_66,747891,4,2650407,23119,14.73
67,Client_67,2588923,4,2549766,2994547,41.41
68,Client_68,1449113,8,2619758,900457,22.7
69,Client_69,4665577,3,1468511,1528918,11.23
70,Client_70,1712507,3,1025492,2842269,35.54
71,Client_71,3627629,4,1301727,786415,28.84
72,Client_72,2534780,10,1373376,2672010,33.92
73,Client_73,620420,11,2964990,342389,17.4
74,Client_74,703144,0,2883320,69980,42.14
75,Client_75,3014375,11,1584516,2530311,82.52
76,Client_76,4109947,6,2673800,62570,68.56
77,Client_77,2973519,12,1513888,248464,61.72
78,Client_78,2046250,1,772612,2624040,80.54
79,Client_79,1830079,10,2171648,1794941,14.53
80,Client_80,4354049,9,2454853,436960,71.79
81,Client_81,4060049,4,1513144,976291,55.0
82,Client_82,2193673,0,2308102,2273109,48.49
83,Client_83,2255379,2,1369349,2192028,19.08
84,Client_84,4532907,10,68258,1712376,71.12
85,Client_85,3755235,3,825038,85742,55.74
86,Client_86,286379,4,1750306,1635995,27.85
87,Client_87,2946995,3,2499837,1505628,26.6
88,Client_88,3677613,0,2753585,2618502,5.7
89,Client_89,4348109,9,410860,1781510,87.47
90,Client_90,4225129,10,1492790,846289,39.84
91,Client_91,2972411,12,1911232,685791,38.86
92,Client_92,2016581,4,1155611,767792,52.05
93,Client_93,923022,4,2081484,403033,7.97
94,Client_94,2367029,0,1570689,7498,82.35
95,Client_95,2801031,12,1480852,1740162,48.39
96,Client_96,167917,8,256927,2862069,71.54
97,Client_97,4384678,5,855375,2311771,72.63
98,Client_98,698843,0,2702617,1809063,17.02
99,Client_99,1059630,12,322872,841446,68.58
100,Client_100,4887600,1,65647,2787927,71.97
101,Client_101,983150,5,2192806,2314083,44.27
102,Client_102,2001307,3,1598634,362232,71.69
103,Client_103,2407128,7,1466035,1486723,14.13
104,Client_104,1160445,3,2572550,2523450,14.38
105,Client_105,4158831,7,111010,2394150,37.35
106,Client_106,1454566,0,2270954,1691344,80.39
107,Client_107,4502345,5,942753,1590184,52.8
108,Client_108,2607485,0,949873,2267432,61.66
109,Client_109,1494380,8,2732968,1575806,16.18
110,Client_110,3181436,7,1858718,1306485,48.7
111,Client_111,4267105,3,1161005,1046087,88.31
112,Client_112,2964172,3,1512042,286303,18.81
113,Client_113,2473239,3,1585688,1958405,27.37
114,Client_114,3983559,3,1018961,2190492,84.3
115,Client_115,3899133,12,856817,766641,14.86
116,Client_116,3967599,1,2502215,682582,20.9
117,Client_117,2954437,4,101693,1509882,21.02
118,Client_118,3486272,10,2535375,2885889,76.11
119,Client_119,222450,5,1563104,1129842,60.99
120,Client_120,1303433,3,2710469,1521909,49.88
121,Client_121,92691,1,1397763,951109,22.35
122,Client_122,471738,11,1933627,1808157,73.06
123,Client_123,3822642,6,1765116,1812213,79.07
124,Client_124,1823989,9,1664810,1719744,58.07
125,Client_125,4590544,8,17897,2486854,84.34
126,Client_126,4750406,11,144398,2388816,63.88
127,Client_127,1711979,12,1262684,1279600,35.86
128,Client_128,1453889,5,2203828,1519727,57.92
129,Client_129,4956061,5,655839,1493391,64.82
130,Client_130,2682372,1,2696946,2948653,78.13
131,Client_131,529568,5,1448101,1511577,30.11
132,Client_132,3576512,6,1266727,2653537,4.37
133,Client_133,1745107,2,1553854,867694,28.76
134,Client_134,1583684,12,144872,2541497,20.69
135,Client_135,1005376,12,2679616,1805115,38.8
136,Client_136,426178,6,626387,318464,74.61
137,Client_137,4651066,8,1898930,2254119,53.83
138,Client_138,1506205,1,2002628,2571325,11.81
139,Client_139,4819369,1,1550398,1202087,13.24
140,Client_140,4333399,1,1178466,794542,39.25
141,Client_141,3857322,6,532041,577221,54.01
142,Client_142,1815083,12,139893,829745,17.76
143,Client_143,4792428,11,192435,1246118,25.32
144,Client_144,2665890,6,1118359,1094383,10.29
145,Client_145,3410110,10,2759939,912231,12.1
146,Client_146,679971,1,830256,1656431,38.2
147,Client_147,1199744,7,2774948,1116124,78.72
148,Client_148,3559771,1,1589414,1870482,81.19
149,Client_149,3469670,8,183164,765447,32.15
150,Client_150,4125365,1,963201,2409770,11.11
151,Client_151,1085135,10,1262633,2841410,26.99
152,Client_152,847110,11,745351,2370955,89.65
153,Client_153,2806414,11,2955460,589409,20.29
154,Client_154,4168116,4,2272210,2629211,60.48
155,Client_155,348396,11,76787,1934232,44.39
156,Client_156,300537,1,2154735,2263973,89.27
157,Client_157,1706828,2,998270,300378,0.14
158,Client_158,1488938,12,242425,2024263,16.48
159,Client_159,707607,1,2365528,1571597,26.98
160,Client_160,4102628,12,2127503,993643,52.26
161,Client_161,1080588,0,386229,2680625,35.36
162,Client_162,1268393,8,72670,367053,74.15
163,Client_163,1319210,8,2494195,2502084,63.55
164,Client_164,4726814,4,2976486,485003,62.69
165,Client_165,2812796,1,2453362,2004485,87.54
166,Client_166,4034625,2,2712704,509247,52.86
167,Client_167,2921328,9,2126994,1546790,22.56
168,Client_168,1027648,0,1786270,1661336,38.14
169,Client_169,2107456,5,1837007,2309993,24.4
170,Client_170,909882,0,758327,1002630,45.48
171,Client_171,2876917,8,1530792,2048671,80.49
172,Client_172,1052901,5,2643479,2882908,20.25
173,Client_173,3970165,5,1685914,1215896,83.26
174,Client_174,193432,5,2502792,1773410,0.44
175,Client_175,3231272,12,1204727,1928345,5.94
176,Client_176,1079088,7,2162839,2775075,48.13
177,Client_177,4463614,6,487317,987831,12.19
178,Client_178,1128491,1,1961473,1350752,1.97
179,Client_179,3851914,9,2478980,393962,78.53
180,Client_180,4076254,3,2880229,2896906,19.95
181,Client_181,636203,9,1790570,1253500,1.53
182,Client_182,3905535,9,2811667,1371651,16.94
183,Client_183,2724144,10,1903857,759768,52.86
184,Client_184,1954351,10,620269,1295261,29.0
185,Client_185,2534847,7,2386295,229911,29.89
186,Client_186,355223,11,789287,435428,36.31
187,Client_187,1862794,4,1792898,21679,87.26
188,Client_188,4491832,6,215696,2058663,82.5
189,Client_189,1664311,10,1031657,172343,86.76
190,Client_190,3352800,5,1524296,1130127,14.81
191,Client_191,2715506,10,1855311,2724201,23.12
192,Client_192,4902638,7,937011,1276596,49.33
193,Client_193,3116193,1,2102046,2128546,70.87
194,Client_194,2269162,8,195239,2081741,51.24
195,Client_195,1469977,10,168091,2980667,6.15
196,Client_196,3313823,2,1332144,1261227,18.7
197,Client_197,1472944,5,995657,2195159,84.51
198,Client_198,4173105,2,2158670,298957,43.28
199,Client_199,3635418,9,973418,1501822,35.75
200,Client_200,362900,3,1005980,2379591,35.49
201,Client_201,355210,11,1289433,800284,63.65
202,Client_202,4758656,9,2934256,37208,81.52
203,Client_203,645647,9,1479721,1517325,74.51
204,Client_204,3968020,1,468007,1103489,31.13
205,Client_205,313743,4,1950041,389362,20.44
206,Client_206,1660531,1,577311,265860,42.39
207,Client_207,1255128,9,2856731,2601591,6.51
208,Client_208,1308725,6,259306,1820694,9.51
209,Client_209,4963935,11,2995294,466484,36.56
210,Client_210,795297,11,2745112,629733,61.93
211,Client_211,437036,5,594664,1136703,7.39
212,Client_212,3247693,3,2773248,1602086,25.65
213,Client_213,1216484,7,864122,2210953,46.66
214,Client_214,4502132,4,1173433,1423309,27.26
215,Client_215,3199929,8,480921,1905233,5.2
216,Client_216,1860584,1,2401029,1254887,40.92
217,Client_217,4242027,7,1874939,1380156,51.73
218,Client_218,1165127,9,2197812,2417216,28.11
219,Client_219,3216089,4,45280,896642,53.73
220,Client_220,3769950,8,178271,2338030,83.7
221,Client_221,4842344,7,1049184,115208,9.11
222,Client_222,4489749,5,1738726,2024672,41.68
223,Client_223,3967594,7,774934,722555,6.17
224,Client_224,1608786,2,2242263,2390656,83.34
225,Client_225,1628450,12,554000,1357360,26.53
226,Client_226,3446984,12,2881587,2749165,67.74
227,Client_227,64338,11,1376760,2745025,76.48
228,Client_228,114155,7,2139179,2754836,14.58
229,Client_229,322310,12,297934,2497362,62.38
230,Client_230,4272790,12,1507038,1170961,83.68
231,Client_231,624594,9,1947549,2589838,41.42
232,Client_232,835623,0,2429052,1607081,81.69
233,Client_233,4576373,4,2073981,381130,84.69
234,Client_234,3176025,12,19792,1734500,53.07
235,Client_235,1046634,11,1398139,2668382,36.34
236,Client_236,1785277,6,2034800,1704526,31.23
237,Client_237,3867091,0,2828192,576867,52.66
238,Client_238,1905914,3,1331598,1704055,76.82
239,Client_239,1802265,10,1362408,247592,76.22
240,Client_240,4383556,4,255676,2193601,6.79
241,Client_241,4477089,3,1252455,1990698,29.19
242,Client_242,634538,12,1275348,2314734,65.68
243,Client_243,3309539,7,883087,737741,51.87
244,Client_244,1559268,1,1855048,783820,79.77
245,Client_245,4433707,1,2148124,1865962,33.66
246,Client_246,4736086,12,2162867,1454595,9.62
247,Client_247,2774271,6,1121629,2888369,65.28
248,Client_248,2722737,11,1979595,2833753,12.81
249,Client_249,4505354,3,557761,734775,73.02
250,Client_250,3345476,0,1176373,72279,43.25
251,Client_251,4002003,3,1808275,278875,71.95
252,Client_252,2708733,5,1071842,196106,5.53
253,Client_253,4623066,4,232840,1203095,60.14
254,Client_254,4478012,8,215316,1904850,6.65
255,Client_255,672660,8,2684958,2285961,5.81
256,Client_256,1852563,3,1158417,1977277,10.63
257,Client_257,4187130,3,2223096,538706,82.19
258,Client_258,4067283,12,1947301,2611787,74.41
259,Client_259,1241364,11,2154531,208570,62.73
260,Client_260,4144500,5,2880349,1926858,5.36
261,Client_261,3353126,7,2741438,1886440,14.55
262,Client_262,2340186,6,1422079,2685413,33.6
263,Client_263,1113975,9,2146126,1668234,32.51
264,Client_264,4566008,6,374767,810556,67.66
265,Client_265,4316109,11,828670,1983434,37.35
266,Client_266,536655,11,1295086,1828068,89.47
267,Client_267,4741050,0,2437051,2697473,77.62
268,Client_268,2411645,2,778203,601994,68.36
269,Client_269,913308,11,1573295,720236,50.84
270,Client_270,3082912,5,920633,1147244,20.51
271,Client_271,2039448,11,2107261,1796213,82.95
272,Client_272,2685465,1,706877,2364178,49.53
273,Client_273,3901747,1,950497,656351,13.72
274,Client_274,4006575,9,65757,1149095,74.97
275,Client_275,299357,9,2994194,1743617,28.19
276,Client_276,4791799,9,2294252,857988,1.89
277,Client_277,1087713,0,1023817,2074131,75.68
278,Client_278,1985165,11,2875425,1515303,42.27
279,Client_279,4745912,0,2463506,2005731,86.29
280,Client_280,4620987,4,485032,11906,10.98
281,Client_281,532137,10,1123445,477618,65.31
282,Client_282,4168350,6,814502,794811,49.1
283,Client_283,417024,4,496263,538481,32.42
284,Client_284,3484824,10,1497078,1836954,44.83
285,Client_285,2509423,0,2280863,1147211,31.59
286,Client_286,1528880,3,1052190,660950,38.62
287,Client_287,2124093,4,1486123,1402510,12.07
288,Client_288,4228303,4,2555405,1153705,75.37
289,Client_289,3571685,4,1442426,404823,78.45
290,Client_290,3982872,8,2900535,1231365,1.36
291,Client_291,4078453,3,549166,2313975,72.97
292,Client_292,2217428,2,1885201,2693236,9.47
293,Client_293,2047774,0,223562,1293181,39.71
294,Client_294,1158964,10,1755172,2111908,65.74
295,Client_295,2235449,6,2088859,10899,49.93
296,Client_296,1961226,2,2733598,1478161,13.97
297,Client_297,1272124,10,614138,321856,18.79
298,Client_298,1220345,2,2340673,981673,26.99
299,Client_299,3547867,0,387467,794309,44.36
300,Client_300,705209,4,1241958,217792,24.35
301,Client_301,1148138,12,1150597,2781629,16.76
302,Client_302,2970973,11,2369087,2817610,48.73
303,Client_303,1002833,12,614939,2100800,8.82
304,Client_304,1049009,6,201754,1287492,60.05
305,Client_305,1247379,6,2343680,147138,69.77
306,Client_306,4082870,10,1868215,2137143,40.05
307,Client_307,2128177,0,2357287,2594286,59.85
308,Client_308,1920371,1,1495442,2745463,62.09
309,Client_309,3225709,3,613088,1659819,15.47
310,Client_310,1397928,4,2607096,2342837,31.44
311,Client_311,2563970,9,275327,506728,3.63
312,Client_312,3590808,4,1244928,315853,39.92
313,Client_313,4115645,0,2010974,1698610,81.2
314,Client_314,1038435,5,1457737,815665,88.93
315,Client_315,2396927,9,1289125,505971,28.77
316,Client_316,888681,9,2477008,953541,1.42
317,Client_317,4294816,2,1683475,2698040,54.8
318,Client_318,4644592,5,679479,710293,11.65
319,Client_319,582235,1,780098,2132685,57.34
320,Client_320,130128,12,2760376,756484,76.56
321,Client_321,2064848,11,2182056,632762,39.96
322,Client_322,404422,8,2620694,1752664,89.95
323,Client_323,4110631,5,695643,766410,49.48
324,Client_324,3191164,1,343434,1443844,65.76
325,Client_325,3062393,10,2157159,304807,79.03
326,Client_326,4992385,6,1517113,2942978,76.91
327,Client_327,3587586,11,2510018,2376340,25.61
328,Client_328,1712655,10,2902498,2018276,86.28
329,Client_329,1289021,11,547277,1491442,11.01
330,Client_330,3398569,6,840432,1703668,76.74
331,Client_331,1671190,4,336850,1931927,10.51
332,Client_332,1966908,12,683750,2309304,30.35
333,Client_333,2373040,8,2611814,2741073,45.59
334,Client_334,4334060,10,1639033,1916382,55.48
335,Client_335,2078719,8,1847889,181022,36.63
336,Client_336,2124458,5,1955453,599050,40.94
337,Client_337,868967,4,110249,1023726,67.44
338,Client_338,933237,11,1419987,1706023,82.69
339,Client_339,3808891,6,1095197,2131712,81.32
340,Client_340,4869482,6,2147196,1453204,89.45
341,Client_341,79313,12,2223528,2496056,75.41
342,Client_342,4345682,8,1915531,362100,28.07
343,Client_343,3883548,4,569976,876383,1.83
344,Client_344,2010209,0,1422014,1987769,57.81
345,Client_345,1950338,0,2657034,2151501,46.64
346,Client_346,3786777,1,392230,1792031,18.55
347,Client_347,2364450,4,190987,1584757,36.25
348,Client_348,3388266,12,2856967,2378579,33.43
349,Client_349,2497599,12,908508,1958152,5.34
350,Client_350,3283909,0,1428517,1939326,87.12
351,Client_351,4260892,3,1285922,2650639,72.91
352,Client_352,801194,8,1693799,1456587,22.37
353,Client_353,3549661,10,639571,165953,20.97
354,Client_354,2259535,3,1380122,2992379,50.74
355,Client_355,1068360,6,2896807,2217533,54.84
356,Client_356,4611168,11,2885798,2207371,43.43
357,Client_357,2693274,9,110762,1741917,73.64
358,Client_358,3055118,0,687563,62936,32.85
359,Client_359,4739697,8,125228,1002841,58.76
360,Client_360,1728660,10,403734,2215566,18.93
361,Client_361,2796678,10,1776284,1914184,70.73
362,Client_362,3212771,12,1443886,428920,76.1
363,Client_363,1789215,12,1982586,1423077,32.69
364,Client_364,3581470,8,2429040,1252657,70.08
365,Client_365,1127675,8,2699127,2445860,84.2
366,Client_366,4485214,5,2750904,2812861,33.63
367,Client_367,3768561,10,1209331,1284306,40.1
368,Client_368,4553538,8,1541898,1504288,18.11
369,Client_369,296041,8,1051872,2065071,72.01
370,Client_370,3213743,8,2046306,2116042,84.41
371,Client_371,3625201,1,2838461,2882461,56.46
372,Client_372,419155,3,2577332,2659058,9.26
373,Client_373,132140,5,76097,1110248,35.46
374,Client_374,862233,7,1897897,2131136,38.98
375,Client_375,1673375,8,2996395,1391212,14.33
376,Client_376,1300915,6,2495483,1716696,1.53
377,Client_377,2124414,7,1937627,1047594,41.52
378,Client_378,2841107,11,2829025,755037,6.3
379,Client_379,2176438,12,252727,2311704,27.93
380,Client_380,385735,7,2622063,176696,54.16
381,Client_381,1111911,12,1281632,2480595,2.28
382,Client_382,4888494,3,2767753,1001246,36.8
383,Client_383,4942870,6,300006,1254645,71.71
384,Client_384,3986293,10,1635100,1398039,31.61
385,Client_385,3618901,1,642393,864869,75.38
386,Client_386,1990346,0,1786367,5416,28.1
387,Client_387,2443102,1,1317576,440344,79.46
388,Client_388,579034,4,889986,421001,37.18
389,Client_389,2346166,6,1545920,987073,63.72
390,Client_390,3652843,12,183469,1267550,66.03
391,Client_391,2153786,11,1987827,2303607,1.16
392,Client_392,2925359,10,1923677,1724569,11.79
393,Client_393,332271,4,155869,1776779,70.38
394,Client_394,1594179,4,552812,1767807,7.32
395,Client_395,3775251,8,323740,2492555,77.57
396,Client_396,610596,1,1732977,92563,81.76
397,Client_397,1251593,8,1360203,1128462,3.46
398,Client_398,4212072,11,1910547,2392786,82.6
399,Client_399,2170137,1,2076425,691112,33.63
400,Client_400,1074762,12,2783784,158816,45.23
401,Client_401,2878920,0,1303932,918679,23.59
402,Client_402,732672,10,2377843,2768916,13.46
403,Client_403,669998,9,1919620,2854226,18.84
404,Client_404,2656797,0,2501395,2044390,13.44
405,Client_405,88221,8,429803,430412,4.09
406,Client_406,939395,1,2296202,1588058,52.14
407,Client_407,4827484,10,1974558,1846777,19.23
408,Client_408,2435621,2,400198,2662623,74.34
409,Client_409,4246984,2,1841503,2453439,10.94
410,Client_410,361141,7,731144,779561,69.14
411,Client_411,3241957,1,2209435,2355638,73.75
412,Client_412,1619779,5,1351145,104895,2.11
413,Client_413,4146209,6,65492,1806809,10.72
414,Client_414,3118170,2,1303967,1008465,85.44
415,Client_415,3718370,2,1147982,2444109,26.99
416,Client_416,2933103,9,1521502,863054,67.19
417,Client_417,3155599,3,2300966,2724482,60.23
418,Client_418,3350441,6,2716827,847846,56.62
419,Client_419,3801426,3,1281004,2866944,41.44
420,Client_420,740287,3,645500,2543798,61.17
421,Client_421,3272407,5,139327,392833,87.04
422,Client_422,4429825,4,437862,2023545,35.74
423,Client_423,3157825,11,918270,1923255,25.47
424,Client_424,3338395,6,83634,468162,54.22
425,Client_425,2072693,8,593131,2414498,23.43
426,Client_426,4150374,6,2414694,2175625,4.65
427,Client_427,4086262,10,2886435,2325835,62.86
428,Client_428,4916483,5,2057048,1516305,73.22
429,Client_429,4702577,6,682842,2685292,9.07
430,Client_430,1317504,0,430317,2589938,56.36
431,Client_431,3222167,12,735793,125656,47.76
432,Client_432,2566489,8,2264571,1634853,76.56
433,Client_433,3757457,8,1435934,89111,61.58
434,Client_434,1101629,7,810132,864295,8.13
435,Client_435,3205210,6,718295,1649044,31.53
436,Client_436,535903,4,1422523,1616087,49.8
437,Client_437,3002018,2,2660200,140036,78.9
438,Client_438,556864,6,154585,1668723,86.75
439,Client_439,1202914,9,433477,380408,80.96
440,Client_440,1800020,10,2886003,281419,15.15
441,Client_441,1540071,9,2550027,363749,75.56
442,Client_442,4349083,6,1791834,1853496,29.77
443,Client_443,623542,7,1705594,1781106,54.82
444,Client_444,4637723,9,1332359,2271517,62.67
445,Client_445,1403721,3,800455,402140,36.81
446,Client_446,322693,6,458855,1614882,88.94
447,Client_447,2645887,9,1031233,760041,82.66
448,Client_448,917471,6,2184275,1044646,84.64
449,Client_449,3345131,3,2948143,62211,2.55
450,Client_450,2658050,0,196520,830773,0.85
451,Client_451,139561,2,1666595,96161,6.02
452,Client_452,4306784,2,601213,2626111,43.9
453,Client_453,2890601,2,485008,217770,39.19
454,Client_454,402588,10,2431475,2673086,3.01
455,Client_455,2029327,7,773137,1005018,51.83
456,Client_456,3613028,4,2901994,642496,23.96
457,Client_457,606138,5,1499749,1850214,8.26
458,Client_458,1190932,11,1586350,2371715,42.27
459,Client_459,3110864,5,2596777,418456,59.85
460,Client_460,1470333,3,978804,978493,73.77
461,Client_461,4928382,1,2704485,1547481,15.87
462,Client_462,1030867,5,472991,936952,85.83
463,Client_463,1927934,8,1496001,2750895,25.93
464,Client_464,2152211,2,1182195,494350,8.92
465,Client_465,1644292,3,2565553,1919046,81.55
466,Client_466,620558,1,409348,26000,69.78
467,Client_467,2821438,9,432752,2212135,88.52
468,Client_468,2479638,9,1130374,2186793,63.73
469,Client_469,220910,11,472900,2639828,61.24
470,Client_470,1743678,4,2565207,2337545,51.0
471,Client_471,3551328,4,1887617,182712,13.4
472,Client_472,3979879,10,1688957,2662956,47.31
473,Client_473,3960493,2,1568721,1480429,13.77
474,Client_474,2849999,5,640496,581311,23.35
475,Client_475,3079247,9,732665,1273473,73.58
476,Client_476,1904119,9,766607,1145178,60.72
477,Client_477,888674,3,1328509,211286,22.36
478,Client_478,1510137,7,2511817,1368648,14.09
479,Client_479,99205,1,1204896,2028293,29.43
480,Client_480,2699867,10,1420405,2932800,80.26
481,Client_481,2130543,7,1765185,2827328,72.22
482,Client_482,623579,2,2281060,2828652,64.94
483,Client_483,3178584,5,1145849,630560,25.45
484,Client_484,2458397,12,1801706,1836015,88.61
485,Client_485,3564201,2,1760262,2796295,50.36
486,Client_486,227843,9,1588732,1544584,31.09
487,Client_487,4647181,7,1548450,1512761,83.63
488,Client_488,4562131,6,32607,246088,66.56
489,Client_489,2434935,2,1219862,1685110,4.52
490,Client_490,1109327,3,2037920,2174095,62.84
491,Client_491,838716,7,2371132,2238658,0.06
492,Client_492,1974535,10,1584351,695094,47.05
493,Client_493,4809925,1,1387740,2671992,20.89
494,Client_494,211348,5,2807316,2146624,85.15
495,Client_495,1942589,2,1835957,1524317,30.87
496,Client_496,3240782,12,2094798,2707991,89.55
497,Client_497,3600553,9,2918324,1113848,56.72
498,Client_498,2318285,11,1512075,2498069,38.09
499,Client_499,444788,2,1771415,320289,77.34
500,Client_500,3753788,8,2683383,709327,87.52
501,Client_501,315971,8,805478,2087173,69.94
502,Client_502,2872606,5,2194744,582541,79.88
503,Client_503,4350744,4,1488497,856825,14.12
504,Client_504,2560714,3,1512195,2653877,67.93
505,Client_505,4505474,1,544331,430032,13.15
506,Client_506,4722905,11,2882517,2247652,87.24
507,Client_507,4821985,0,1738291,2539972,83.19
508,Client_508,487600,10,1890849,754318,50.16
509,Client_509,1783983,0,990953,2339466,54.58
510,Client_510,4647102,1,486828,664583,55.76
511,Client_511,3506035,8,888131,1803628,13.01
512,Client_512,905651,1,2874929,2811959,26.07
513,Client_513,1966596,10,1447988,763390,27.84
514,Client_514,2830590,1,2550143,214562,26.06
515,Client_515,2904217,6,1736310,2021903,48.93
516,Client_516,1039470,6,2925500,2715911,37.42
517,Client_517,2504652,8,1432257,489082,47.08
518,Client_518,4490647,12,1480554,2238109,26.11
519,Client_519,3811801,1,1679625,1812201,16.56
520,Client_520,2035497,1,2581407,932293,47.02
521,Client_521,3860818,9,2715280,2728953,31.51
522,Client_522,4728369,1,610651,16504,39.15
523,Client_523,4559535,2,199427,2023604,5.64
524,Client_524,190087,11,1513668,512823,5.79
525,Client_525,4450407,1,260731,2106324,18.29
526,Client_526,665520,11,1310264,390726,20.18
527,Client_527,3835305,5,2568394,1187495,72.96
528,Client_528,1384318,9,287025,2783528,74.36
529,Client_529,2003071,1,1934460,973539,78.21
530,Client_530,3229680,10,1444687,1961156,59.64
531,Client_531,4700715,7,1632144,2547758,26.56
532,Client_532,4720174,2,719632,115284,1.34
533,Client_533,592328,8,2678678,2869186,25.6
534,Client_534,1258433,2,897090,1255024,52.22
535,Client_535,248855,3,29347,2252819,20.71
536,Client_536,3222567,3,77468,2742577,49.56
537,Client_537,4435705,3,688172,2260270,70.53
538,Client_538,1710503,2,2719801,2721282,36.28
539,Client_539,1275000,5,2933859,2772007,4.5
540,Client_540,1248953,6,123117,2510343,33.47
541,Client_541,3735375,11,2462694,2957302,50.7
542,Client_542,2950647,10,901983,2966357,48.14
543,Client_543,3204314,7,1546062,2607434,30.5
544,Client_544,4232269,2,121859,151290,1.87
545,Client_545,3968193,11,1400533,1143508,14.5
546,Client_546,2931588,0,631096,2009639,12.1
547,Client_547,513057,8,2023227,1438012,39.29
548,Client_548,2531604,11,2577159,639899,9.12
549,Client_549,1562279,5,2056184,1397208,74.09
550,Client_550,4502208,3,1345869,1313239,22.45
551,Client_551,4763316,0,1228373,1480997,75.57
552,Client_552,4320809,4,2413823,712748,46.96
553,Client_553,2448740,4,1790311,2326938,84.05
554,Client_554,3889430,8,580817,2133579,50.08
555,Client_555,684571,0,1767479,2369063,25.85
556,Client_556,162376,12,1221793,2101769,67.15
557,Client_557,1082608,12,2432646,1985932,35.29
558,Client_558,315531,9,1028184,263460,75.03
559,Client_559,985888,9,204861,2186700,88.83
560,Client_560,2699896,9,2409927,2157355,70.45
561,Client_561,4425406,3,2188461,556731,47.58
562,Client_562,939878,6,786137,1653023,87.29
563,Client_563,4082727,5,2036571,2449183,67.37
564,Client_564,1375246,11,2654026,1279296,35.83
565,Client_565,2202760,8,134571,1228163,57.05
566,Client_566,2911317,9,1380058,2220724,2.01
567,Client_567,3814800,4,1878714,2572070,15.17
568,Client_568,4287552,10,735691,714801,2.37
569,Client_569,828427,3,937562,2614192,42.26
570,Client_570,2079978,9,2641666,1471545,9.01
571,Client_571,3161418,12,1739855,2148850,43.13
572,Client_572,3813803,3,378069,695366,84.14
573,Client_573,3597612,2,1883634,824357,82.41
574,Client_574,4564022,9,1427817,173995,36.88
575,Client_575,4306346,2,1862181,2939855,72.26
576,Client_576,991101,9,183547,1282580,36.94
577,Client_577,2376062,11,912011,2627766,63.73
578,Client_578,2019133,3,1060256,169542,1.59
579,Client_579,4228332,6,2776123,307802,25.2
580,Client_580,2688866,1,1555226,569811,80.41
581,Client_581,2353485,1,2721293,800695,71.49
582,Client_582,3040824,3,853089,1898401,67.05
583,Client_583,3512052,0,898572,1999326,24.11
584,Client_584,3182194,10,2838239,2363224,47.89
585,Client_585,4917603,1,2583259,2409665,57.23
586,Client_586,112883,12,1910754,1519264,28.65
587,Client_587,1227499,2,1084200,1486549,36.82
588,Client_588,3757110,10,857877,171974,84.07
589,Client_589,3581735,5,1885465,2958942,0.44
590,Client_590,1374186,5,1462604,1915436,67.75
591,Client_591,4593963,6,2404433,872108,27.1
592,Client_592,4379031,5,1281727,2550614,77.76
593,Client_593,1949306,3,1103986,2433429,89.78
594,Client_594,3459768,8,963340,1327146,16.84
595,Client_595,2447004,2,1359981,552465,83.06
596,Client_596,4877587,8,547474,2043476,32.79
597,Client_597,1799679,10,840449,111561,45.77
598,Client_598,630642,7,2052195,1168413,57.05
599,Client_599,3516097,7,1426666,1197661,31.94
600,Client_600,2211798,4,1103776,994847,54.89
601,Client_601,291028,12,1358325,1727684,7.62
602,Client_602,1901800,1,1443083,1784122,19.31
603,Client_603,1668749,8,2085712,504483,8.8
604,Client_604,2307794,8,834861,2418983,12.81
605,Client_605,2409362,1,2885674,599906,10.29
606,Client_606,228766,2,1658055,1771570,69.35
607,Client_607,3200791,0,1724620,2801399,81.15
608,Client_608,2903697,9,613406,2186773,85.35
609,Client_609,130271,12,1402679,1060750,85.17
610,Client_610,831373,9,401578,1433125,81.57
611,Client_611,4412147,11,634314,187579,0.65
612,Client_612,1146368,0,2806949,2797719,79.47
613,Client_613,4934761,0,2174514,738126,68.29
614,Client_614,3326530,8,2398695,2233839,29.53
615,Client_615,1072798,3,2017928,1676736,36.56
616,Client_616,4880773,6,1636255,2509987,39.63
617,Client_617,2923235,1,1695765,2650666,70.4
618,Client_618,4748318,4,1158151,403394,26.33
619,Client_619,1459480,6,2743514,2184429,61.58
620,Client_620,4136881,2,1142258,2039963,60.04
621,Client_621,939249,6,2213962,1301938,51.56
622,Client_622,114866,5,2853305,194088,0.06
623,Client_623,2412007,10,1804926,2635791,13.43
624,Client_624,815664,10,331458,175951,44.66
625,Client_625,2459561,3,1507631,609398,59.35
626,Client_626,865746,5,1395717,895213,31.78
627,Client_627,1677648,0,1195204,2005952,89.56
628,Client_628,4575179,3,658150,717464,37.53
629,Client_629,991683,6,2241608,2359498,69.38
630,Client_630,3536484,5,2483802,590252,12.18
631,Client_631,3147504,5,1084407,987852,12.79
632,Client_632,4037876,0,880138,1864482,60.57
633,Client_633,4984831,6,2638539,77744,14.45
634,Client_634,2351903,3,830679,2334985,57.44
635,Client_635,3311022,5,1244915,2103016,26.2
636,Client_636,525078,8,2734803,623279,14.01
637,Client_637,2122225,4,2575647,792840,46.81
638,Client_638,989157,1,2982439,2330603,71.63
639,Client_639,842513,11,1156661,1273255,79.11
640,Client_640,3862059,0,214266,1041622,41.69
641,Client_641,3225706,0,45405,1195137,13.15
642,Client_642,1415205,9,1828581,2288083,67.74
643,Client_643,324566,12,157377,1653245,12.58
644,Client_644,377289,12,2659068,2858846,88.66
645,Client_645,3329697,9,1693370,509604,19.78
646,Client_646,779500,12,1045436,166498,2.32
647,Client_647,4687577,1,2293280,351848,55.07
648,Client_648,601942,12,1788037,1987757,32.14
649,Client_649,1202564,5,149748,374533,23.77
650,Client_650,4897683,6,992833,1104763,57.23
651,Client_651,1095611,7,2202659,2498144,38.43
652,Client_652,4198049,5,2457011,548131,70.64
653,Client_653,4787695,2,1454543,1938132,15.99
654,Client_654,3889505,12,1091264,2253178,59.59
655,Client_655,2763023,3,865767,2789462,65.96
656,Client_656,2326942,2,1295684,2155972,15.29
657,Client_657,127896,11,793205,433440,17.47
658,Client_658,466775,12,1429812,2180142,52.73
659,Client_659,4041393,12,1153118,300366,28.07
660,Client_660,2208637,6,664277,761495,83.66
661,Client_661,3480475,2,302440,771871,77.04
662,Client_662,2649019,4,1725762,1267042,67.73
663,Client_663,3478742,5,386419,2192892,0.86
664,Client_664,4933306,11,1965276,2141546,67.87
665,Client_665,3551216,8,1154822,2789530,75.41
666,Client_666,325749,8,716491,747144,2.85
667,Client_667,1818695,12,2497327,1812779,40.33
668,Client_668,1969706,4,1945623,2574322,4.49
669,Client_669,3480586,1,1253378,2010208,54.95
670,Client_670,3280514,6,1655482,992527,18.45
671,Client_671,1397697,3,804561,2636382,81.13
672,Client_672,4505529,9,836079,1193229,15.5
673,Client_673,3515757,3,2638829,1188913,62.55
674,Client_674,4083274,0,460253,2295138,58.38
675,Client_675,4192987,9,1207950,1579594,62.92
676,Client_676,3821196,4,125206,903270,35.15
677,Client_677,2461914,2,579477,522131,70.08
678,Client_678,3246972,3,717149,1679763,74.1
679,Client_679,4965157,9,1740691,961260,50.57
680,Client_680,3243189,7,891396,481564,78.5
681,Client_681,56997,0,1412752,750172,47.91
682,Client_682,2519701,3,1281833,2851108,52.8
683,Client_683,2888831,5,848136,2724182,76.19
684,Client_684,1118286,7,1926618,142018,71.19
685,Client_685,4395246,12,2922498,2282789,51.84
686,Client_686,4166497,12,1696444,631028,51.36
687,Client_687,3637230,1,2036517,1841307,33.19
688,Client_688,3256404,6,319623,2525919,7.63
689,Client_689,1892013,10,1294830,2296036,31.55
690,Client_690,2202764,5,2936026,1068887,77.51
691,Client_691,1122670,3,2827450,1073949,21.37
692,Client_692,2186353,10,1926759,214277,54.81
693,Client_693,2357824,11,946074,2250112,87.4
694,Client_694,4499268,8,2101825,2853315,87.18
695,Client_695,4125373,4,2109936,1030874,36.61
696,Client_696,805752,7,531333,1148699,28.42
697,Client_697,4955804,3,2711991,768893,80.81
698,Client_698,2187600,5,1978972,2972015,85.67
699,Client_699,1945598,9,2894145,2102207,68.14
700,Client_700,3492436,11,413252,2100574,52.77
701,Client_701,4342108,9,416343,2532073,60.87
702,Client_702,862972,7,2904789,205335,56.69
703,Client_703,3908344,4,2936643,352405,40.66
704,Client_704,3789475,9,314309,1474479,18.12
705,Client_705,1501144,3,2538024,257097,77.73
706,Client_706,790347,12,1777141,2683567,69.5
707,Client_707,4320156,3,2178575,1587864,21.8
708,Client_708,740437,5,942463,1400653,50.75
709,Client_709,4041930,3,219586,2689912,50.48
710,Client_710,3395001,8,2521206,2840975,3.22
711,Client_711,1972546,8,1996585,1010594,31.38
712,Client_712,3775534,11,233974,1142520,60.68
713,Client_713,2172026,2,2649981,2968439,39.23
714,Client_714,3445429,1,2127719,1602271,82.38
715,Client_715,2282218,1,1424281,1955411,19.44
716,Client_716,1783692,1,778057,1683224,2.9
717,Client_717,1183642,4,1489134,1355010,28.3
718,Client_718,2080892,1,597337,1579067,29.66
719,Client_719,1694718,0,2478923,372339,26.9
720,Client_720,2349387,0,1833198,2362838,61.57
721,Client_721,883725,8,2394837,80292,45.8
722,Client_722,3552783,10,2888126,2692401,74.82
723,Client_723,3398537,4,1364108,1580380,44.29
724,Client_724,143575,9,2208545,337055,29.4
725,Client_725,2793810,0,1734028,2560851,63.78
726,Client_726,4596495,9,2912531,83500,5.28
727,Client_727,4042896,9,338363,221464,32.97
728,Client_728,1918084,6,1185987,2668201,60.3
729,Client_729,4229845,11,706290,1749556,6.43
730,Client_730,3222934,3,1211549,1018071,49.06
731,Client_731,4015920,4,1090209,2007094,11.78
732,Client_732,3647980,8,1289066,1744272,84.3
733,Client_733,2893948,8,1374479,1236242,52.28
734,Client_734,2937291,10,2339995,72408,48.32
735,Client_735,1035029,6,2519589,1248086,53.06
736,Client_736,2678670,6,123488,486846,45.08
737,Client_737,1867548,3,1300057,984006,59.24
738,Client_738,2968316,8,2057619,198229,66.64
739,Client_739,3929058,11,1039613,961935,62.5
740,Client_740,4535384,10,1522399,1783969,15.62
741,Client_741,922725,1,1909559,44132,61.95
742,Client_742,4883223,3,759753,335629,50.48
743,Client_743,3638775,0,2278039,2313283,62.31
744,Client_744,1695954,5,575212,1354521,37.71
745,Client_745,2228217,4,1571171,1198784,10.6
746,Client_746,1990341,9,2558812,2470732,35.9
747,Client_747,1452582,4,1793062,531302,46.24
748,Client_748,4285155,12,63372,1632107,60.67
749,Client_749,3288750,7,148224,2395051,55.25
750,Client_750,1961955,6,2097307,2730668,41.25
751,Client_751,2437405,3,2292061,346590,18.25
752,Client_752,129718,3,2362476,2090881,21.01
753,Client_753,1218564,7,1284819,940104,32.54
754,Client_754,2600062,4,2888750,2477008,13.0
755,Client_755,4780189,12,2243174,1024626,69.4
756,Client_756,3488807,4,527456,2202403,30.2
757,Client_757,2811018,11,103593,2405738,43.64
758,Client_758,1178117,4,1198326,878190,53.13
759,Client_759,190149,6,2636452,2956848,54.02
760,Client_760,2931868,11,228430,2062837,16.08
761,Client_761,2679931,6,1845648,1340240,75.71
762,Client_762,667474,2,2476900,1650311,52.74
763,Client_763,3450525,3,1462063,324288,25.58
764,Client_764,3857948,10,1205684,579682,32.86
765,Client_765,494725,10,2455506,2055383,58.81
766,Client_766,1018339,11,2107166,2208223,55.9
767,Client_767,1495334,8,2064433,2346877,17.06
768,Client_768,1467295,1,2852410,2962482,12.97
769,Client_769,4561068,1,2150554,2909393,70.82
770,Client_770,4370124,11,2646268,2216363,21.8
771,Client_771,358789,0,2281079,2808399,87.79
772,Client_772,3402060,11,2410605,2195367,43.68
773,Client_773,279862,6,2926709,1410931,78.81
774,Client_774,4200362,7,767528,2056124,52.34
775,Client_775,1113866,1,703956,1781303,54.67
776,Client_776,4830456,12,1402429,1322467,24.26
777,Client_777,4946063,11,1612385,787105,89.53
778,Client_778,221269,2,411900,1369179,71.39
779,Client_779,259674,4,2960976,643394,81.41
780,Client_780,3522630,5,1218376,1092301,89.94
781,Client_781,2438473,5,1995208,212779,77.62
782,Client_782,1804728,4,1027785,253822,1.09
783,Client_783,1358072,12,1672928,962208,4.37
784,Client_784,59461,8,536552,1233501,10.44
785,Client_785,1542893,3,1049375,2029660,27.63
786,Client_786,1791329,7,439100,1777459,12.44
787,Client_787,256233,6,1457448,226344,49.11
788,Client_788,1009728,8,2813377,1505473,39.69
789,Client_789,3138156,8,979635,1038064,76.53
790,Client_790,3695234,11,1095667,2695418,74.25
791,Client_791,213824,10,611176,1392830,7.14
792,Client_792,1402342,8,704085,695420,14.45
793,Client_793,1492108,2,2489812,902474,54.77
794,Client_794,170647,2,850745,1667127,22.51
795,Client_795,1142331,2,1524819,248096,63.28
796,Client_796,1990315,0,2854264,1047366,79.5
797,Client_797,1643994,4,2272530,1394651,63.86
798,Client_798,3758240,2,876823,1441408,35.38
799,Client_799,3255034,3,592165,2100186,61.93
800,Client_800,2532395,0,592597,1641201,11.38
801,Client_801,2551148,1,1669415,942555,59.48
802,Client_802,3193100,1,1186944,1991704,37.46
803,Client_803,807323,4,2716872,2131478,77.49
804,Client_804,3834737,5,2905358,2032239,72.05
805,Client_805,578716,3,2414848,1701156,44.79
806,Client_806,298796,11,2140694,2640623,51.88
807,Client_807,217513,9,2256754,1742836,69.86
808,Client_808,1047323,10,1126010,2645705,53.32
809,Client_809,847047,4,670268,1961868,56.29
810,Client_810,3724114,10,2840205,1763317,29.77
811,Client_811,1960581,1,429936,2076903,36.15
812,Client_812,3507809,5,1596721,2865103,39.49
813,Client_813,3345423,12,2523620,2311677,34.87
814,Client_814,275405,4,1432609,31769,89.07
815,Client_815,4602443,2,2233912,1619088,58.14
816,Client_816,4551712,12,714186,1656071,36.79
817,Client_817,2111607,4,875574,1431919,37.77
818,Client_818,229773,2,1906604,2895620,21.69
819,Client_819,4352963,3,1332651,2314374,3.01
820,Client_820,1550239,1,426944,305044,56.71
821,Client_821,4181939,1,463201,1285410,9.79
822,Client_822,592253,9,347421,716502,12.5
823,Client_823,2521013,12,668195,2041531,74.58
824,Client_824,2236394,0,2816878,849511,18.97
825,Client_825,2917797,9,1404959,2891474,12.21
826,Client_826,3819326,2,943813,719561,2.13
827,Client_827,4047568,12,1972690,136881,26.32
828,Client_828,707527,4,2685106,1874204,83.47
829,Client_829,1751435,11,2709167,187487,5.11
830,Client_830,3721527,0,2446946,1724424,9.32
831,Client_831,3486055,2,2722339,206554,72.94
832,Client_832,3101145,8,2966141,570831,65.9
833,Client_833,4194484,6,1369779,419274,53.08
834,Client_834,1407126,10,934118,2296931,89.45
835,Client_835,2082538,9,1324069,2861066,43.02
836,Client_836,2385132,0,1359773,1945105,78.14
837,Client_837,1992859,8,1781716,483676,81.97
838,Client_838,3679729,8,952801,2843848,9.59
839,Client_839,834811,8,419293,2937823,9.73
840,Client_840,3792071,8,445499,723600,30.35
841,Client_841,4954538,1,2512016,719526,87.28
842,Client_842,4951792,4,2614278,1554950,76.26
843,Client_843,1629426,3,33533,307125,9.75
844,Client_844,1335948,12,364856,843635,26.71
845,Client_845,1079424,2,783728,2975572,45.86
846,Client_846,1228092,12,1158069,2011543,44.84
847,Client_847,1687772,7,312598,2172897,8.73
848,Client_848,4629826,1,23246,172637,12.28
849,Client_849,2470169,5,952805,2460027,9.52
850,Client_850,4464303,11,1285202,2100576,48.68
851,Client_851,2610203,11,975129,175221,12.05
852,Client_852,614294,10,2208001,2842950,9.33
853,Client_853,4196360,5,1604352,1001218,46.3
854,Client_854,4233699,6,1513565,2236435,35.02
855,Client_855,2895613,4,453282,190202,66.74
856,Client_856,3235136,5,2392182,980797,87.3
857,Client_857,658655,6,593376,2706760,89.55
858,Client_858,1724672,11,2968265,1652097,11.51
859,Client_859,475243,9,2838795,2665838,1.7
860,Client_860,4509524,10,2336817,2659308,38.26
861,Client_861,1571729,0,908367,2308513,40.05
862,Client_862,4390550,2,2213737,1257517,61.96
863,Client_863,2901082,12,324713,1074195,34.75
864,Client_864,2210776,3,485407,980061,25.61
865,Client_865,4295807,11,2381793,372453,14.77
866,Client_866,2940611,9,2060093,904573,77.42
867,Client_867,548021,2,2354928,2076874,81.99
868,Client_868,2976276,9,1878998,1934157,42.31
869,Client_869,1813538,11,2921554,1430749,3.55
870,Client_870,3861181,6,2508637,528886,66.54
871,Client_871,449767,10,87549,32207,6.99
872,Client_872,4074346,10,1871125,1681572,28.3
873,Client_873,518956,0,2281463,606223,4.08
874,Client_874,3312045,4,2574281,77963,59.11
875,Client_875,3258595,5,397296,545977,84.07
876,Client_876,1786098,5,496335,852291,68.84
877,Client_877,1732891,2,1810890,2781520,64.61
878,Client_878,1501573,8,2456853,2999263,64.99
879,Client_879,2236140,11,1495377,1282685,73.11
880,Client_880,1704997,2,1436376,2086828,78.97
881,Client_881,2935875,10,1600174,1070646,72.67
882,Client_882,636286,12,1047191,501258,10.69
883,Client_883,1865845,3,2603235,256287,83.32
884,Client_884,1672581,0,1056764,1398131,32.05
885,Client_885,1566837,10,1720289,651865,9.68
886,Client_886,1516550,7,837155,2902228,73.84
887,Client_887,2013572,4,1554074,1308152,43.85
888,Client_888,4960210,8,825559,2886151,28.8
889,Client_889,2132054,12,1265593,614856,31.97
890,Client_890,2558043,1,500683,211930,12.01
891,Client_891,4479060,0,844686,2185078,17.44
892,Client_892,554913,10,18536,1600369,45.67
893,Client_893,2703203,3,1629332,28050,81.61
894,Client_894,1359148,12,2007340,635950,62.89
895,Client_895,1295667,3,617972,2781581,7.5
896,Client_896,2316027,7,2390522,438058,70.56
897,Client_897,1420530,2,984815,1719898,62.56
898,Client_898,4141465,1,928211,2730387,85.96
899,Client_899,2057247,10,848335,1312224,84.69
900,Client_900,1678048,8,2283746,2756810,62.91
901,Client_901,1922125,10,949915,2570137,7.64
902,Client_902,3687138,9,24409,685095,50.85
903,Client_903,252462,7,338639,2717503,84.99
904,Client_904,1340930,0,431647,768602,38.93
905,Client_905,2593548,0,1151988,129064,44.34
906,Client_906,3164684,12,2793087,2042500,13.29
907,Client_907,1482598,0,2858978,691308,80.03
908,Client_908,2890562,8,412039,76190,29.97
909,Client_909,4350216,4,1191892,1440998,85.29
910,Client_910,2312324,11,2923200,78651,24.68
911,Client_911,2910266,10,1457618,2788870,33.9
912,Client_912,1259409,6,1222208,2058962,29.05
913,Client_913,4856189,5,1788106,565836,11.21
914,Client_914,1114709,10,650733,600459,41.83
915,Client_915,4485870,5,2074513,2460966,8.04
916,Client_916,1300512,0,2814779,1316752,69.72
917,Client_917,3355487,10,2072827,2325680,58.52
918,Client_918,190362,4,499499,1535899,14.51
919,Client_919,4266310,7,95497,2488989,14.84
920,Client_920,660891,6,2197969,2424226,70.41
921,Client_921,1848457,5,1492305,1088596,32.3
922,Client_922,4820004,10,397808,667605,59.22
923,Client_923,3517227,3,2068006,2966639,67.75
924,Client_924,2310404,6,1862665,1803309,0.5
925,Client_925,2415074,3,968308,2907543,59.8
926,Client_926,2052171,10,493052,2200441,14.87
927,Client_927,575514,11,455058,619543,49.65
928,Client_928,4893100,4,472597,1078602,87.03
929,Client_929,1906132,4,90033,272610,37.7
930,Client_930,3294533,5,93704,445622,26.39
931,Client_931,2762815,5,1672010,2612700,11.98
932,Client_932,3382739,7,1213849,234550,80.41
933,Client_933,4788887,4,2142259,414786,44.64
934,Client_934,3786002,1,1256166,2867423,58.9
935,Client_935,519017,4,1504433,2442066,1.72
936,Client_936,4683820,1,373492,1753328,25.71
937,Client_937,2611555,4,79200,1371805,48.98
938,Client_938,1124420,1,389415,500455,14.21
939,Client_939,4666519,4,1142811,2214360,8.69
940,Client_940,4127480,10,1073001,476906,11.74
941,Client_941,1217155,7,2366833,189931,9.81
942,Client_942,3501663,4,276268,1232138,73.92
943,Client_943,2494950,9,2268225,1031103,0.42
944,Client_944,3113102,6,2865602,441854,47.68
945,Client_945,649797,2,1477514,100828,68.31
946,Client_946,584428,7,660255,879704,29.52
947,Client_947,608862,5,1450967,1674226,35.88
948,Client_948,802081,2,969283,626215,42.37
949,Client_949,3374260,9,2189821,61652,1.62
950,Client_950,979071,9,436098,1942709,31.89
951,Client_951,4948534,1,1502963,2284122,5.75
952,Client_952,1468500,4,2571266,2094105,74.23
953,Client_953,320683,11,2362053,511516,88.86
954,Client_954,4669703,8,676705,1386300,8.93
955,Client_955,208607,5,1756342,957988,67.54
956,Client_956,4073069,8,1993994,1752004,12.53
957,Client_957,2388692,9,2963751,687403,44.22
958,Client_958,4979892,9,2944199,121913,31.83
959,Client_959,3033200,5,2561282,690378,17.37
960,Client_960,803256,1,363988,2968989,70.2
961,Client_961,1201562,11,1818734,1447433,89.23
962,Client_962,2606604,7,148830,2987262,26.55
963,Client_963,3866801,7,2205023,2181521,14.84
964,Client_964,2687344,4,1549440,1144424,27.21
965,Client_965,4055756,9,2600365,236283,83.1
966,Client_966,1891461,5,1854445,786658,5.73
967,Client_967,4551487,6,112746,1590378,20.64
968,Client_968,2233859,10,2019473,1230466,77.97
969,Client_969,2929699,1,480041,30403,2.92
970,Client_970,1334185,5,2133290,2850817,0.32
971,Client_971,792583,11,2267464,2667324,48.79
972,Client_972,1424443,3,1651975,2430471,45.78
973,Client_973,2802290,8,2858744,1797788,68.18
974,Client_974,3340878,10,829525,1579268,86.05
975,Client_975,659294,7,1296177,2046434,69.82
976,Client_976,4389241,2,1836528,577600,84.97
977,Client_977,288802,3,1754702,2543905,74.04
978,Client_978,3268258,3,2903701,2926002,37.82
979,Client_979,3095609,4,806506,959763,13.77
980,Client_980,1673970,6,703503,708718,57.77
981,Client_981,4933966,9,831992,1526981,32.66
982,Client_982,3770861,2,2079104,2428438,30.4
983,Client_983,958052,8,2534113,2067327,36.88
984,Client_984,3447288,6,2777560,2139340,85.26
985,Client_985,1441753,12,1644054,1258342,1.25
986,Client_986,2296948,7,1386455,958089,55.03
987,Client_987,3496519,12,306437,1836785,18.9
988,Client_988,2697137,12,1213345,2887318,54.43
989,Client_989,3060097,9,1551724,987706,47.65
990,Client_990,245743,11,591206,1203737,32.34
991,Client_991,4665263,3,2188527,2863744,27.7
992,Client_992,3958937,9,1328266,718090,85.53
993,Client_993,4791126,3,1905196,1733014,7.88
994,Client_994,3702578,5,2344063,647331,85.07
995,Client_995,1682312,7,808847,1933808,86.58
996,Client_996,3574570,1,1033451,1647102,60.29
997,Client_997,4638313,9,2768308,1203749,69.59
998,Client_998,3057318,8,1446744,893546,28.24
999,Client_999,4981574,10,1039399,707354,6.04
1000,Client_1000,3260732,1,2340569,1917229,79.54
